id,model_a,model_b,winner,evaluation_session_id,evaluation_order,conversation_a,conversation_b,full_conversation,conv_metadata,category_tag,language,is_code,timestamp
c4b9710c-8d64-4bee-a0b0-94637ae4cc65,gemini-2.5-pro,claude-3-7-sonnet-20250219-thinking-32k,model_a,a333a685-37f9-474d-b703-f079d8329552,1,"[{'role': 'user', 'content': array([{'type': 'text', 'text': 'Compare Tormenta20 with DnD5e', 'image': None, 'mimeType': None}],
       dtype=object)}
 {'role': 'assistant', 'content': array([{'type': 'text', 'text': 'Excellent question! Comparing **Tormenta20 (T20)** and **Dungeons & Dragons 5th Edition (D&D 5e)** is a fantastic way to understand different approaches to the d20 system. While they share a common ancestor (D&D 3rd Edition), they have evolved in vastly different directions.\n\nHere is a detailed comparison, broken down by key aspects of the games.\n\n---\n\n### **High-Level Philosophy**\n\n*   **D&D 5e:** Aims for **accessibility, streamlined play, and heroic fantasy**. It simplifies many of the complex rules of older editions to be welcoming to new players. Its design philosophy is ""rulings, not rules,"" encouraging Dungeon Masters to make calls on the fly. It is built to be setting-agnostic, though the Forgotten Realms is its default.\n*   **Tormenta20:** Aims for **deep character customization, high-power fantasy, and an ""anime/JRPG"" feel**. It offers players a vast menu of options to build a unique character from level 1. The power level escalates quickly, and characters often feel like epic heroes from a shonen anime or a Final Fantasy game. It is deeply tied to its unique setting, Arton.\n\n---\n\n### **Core Mechanic: The d20 Roll**\n\n*   **D&D 5e:** The core is **d20 + Ability Modifier + Proficiency Bonus** vs. a Difficulty Class (DC) or Armor Class (AC).\n    *   **Bounded Accuracy:** A key design principle. Bonuses don\'t get astronomically high, which keeps lower-level monsters a potential threat for longer and makes the math simpler.\n    *   **Advantage/Disadvantage:** The primary way to handle situational modifiers. Instead of adding a +2 or -2, you roll two d20s and take the higher (Advantage) or lower (Disadvantage) result.\n*   **Tormenta20:** The core is **d20 + Ability Modifier + Other Bonuses** vs. a Difficulty (DT in Portuguese).\n    *   **No Proficiency Bonus:** This is a massive difference. Your core bonus comes from your ability scores and training in a skill (which gives a flat bonus). Most of your power comes from the **Powers System**.\n    *   **Situational Modifiers:** T20 uses traditional numerical bonuses and penalties (+2, -5, etc.) much more frequently than 5e.\n\n---\n\n### **Character Creation & Progression**\n\nThis is the single biggest point of divergence.\n\n*   **D&D 5e:**\n    *   **Structure:** Race + Class + Background.\n    *   **Customization:** Your main choices are your class, your subclass (usually chosen at levels 1, 2, or 3), and your spell selection.\n    *   **Progression:** You gain class features at set levels. At specific intervals (levels 4, 8, 12, etc.), you get an Ability Score Improvement (ASI) or can choose an optional **Feat**. Many players feel some levels are ""dead levels"" where you only gain hit points.\n*   **Tormenta20:**\n    *   **Structure:** Race + Class.\n    *   **The Powers System (Poderes):** This is the heart of Tormenta20. **At every single level, you choose a Power.** These can be general powers, powers from your class, or powers from your race. This creates an ""à la carte"" or ""build-your-own"" character system.\n    *   **Progression:** You are constantly making meaningful choices. There are no ""dead levels."" Two Fighters of the same level can play completely differently based on their Power choices. This allows for incredible build diversity and theory-crafting, similar to games like *Pathfinder*.\n\n---\n\n### **Magic System**\n\nAnother huge difference that defines the feel of each game.\n\n*   **D&D 5e:**\n    *   **Vancian Magic (Spell Slots):** Casters have a specific number of spell slots per spell level, which they regain after a long rest. You can cast a 1st-level spell using a 1st-level slot, a 2nd-level spell using a 2nd-level slot, and so on. It\'s a resource management system based on preparing for the adventuring day.\n*   **Tormenta20:**\n    *   **Mana Points (MP):** This system is straight out of JRPGs. Every caster has a pool of Mana Points (called *Mana*). Every spell has an MP cost. You can cast any spell you know as long as you have the MP to pay for it.\n    *   **Enhancements:** Most spells have optional enhancements. You can spend more MP when casting a spell to make it more powerful (e.g., increase its area, damage, or duration). This gives casters incredible flexibility on the fly.\n\n---\n\n### **Combat and Power Level**\n\n*   **D&D 5e:**\n    *   **Pacing:** Combat is tactical and attrition-based. Managing resources (HP, spell slots, limited-use abilities) is key.\n    *   **Power Curve:** The power curve is relatively gradual. A 1st-level character is fragile, while a 20th-level character is a world-shaking force, but the journey is long.\n    *   **Defense:** Primarily based on **Armor Class (AC)**.\n*   **Tormenta20:**\n    *   **Pacing:** Combat is faster, more explosive, and more ""spiky."" Characters can unleash incredible amounts of damage or powerful effects from early levels. It feels more like an action movie.\n    *   **Power Curve:** The power curve is extremely steep. A 1st-level T20 character often feels as competent as a 3rd-level 5e character. The numbers (HP, damage, bonuses) get much bigger, much faster.\n    *   **Defense:** Based on a single stat, **Defense (Defesa)**, but it\'s calculated differently, incorporating armor, shields, and your Dexterity modifier. Saving throws are also different: **Fortitude, Reflexes, and Will (Vontade)**, which are more prominent than in 5e.\n\n---\n\n### **Setting Integration**\n\n*   **D&D 5e:** Very loose integration. The rules are designed to be used in any fantasy setting with minimal changes. The default Forgotten Realms is rich, but you can ignore it completely without affecting the mechanics.\n*   **Tormenta20:** Extremely tight integration. The world of **Arton** is baked into the rules. The races (like the half-demon *Lefou*), the classes, the gods, and especially the cosmic threat of the **Tormenta** (a reality-devouring storm of red lightning and demons) are all reflected in the Powers and mechanics. Playing T20 without its setting is possible, but you lose a massive amount of its unique flavor.\n\n---\n\n### **Summary Table**\n\n| Feature | D&D 5th Edition | Tormenta20 |\n| :--- | :--- | :--- |\n| **Philosophy** | Accessible, Heroic Fantasy | High-Power, ""Anime/JRPG"" Feel |\n| **Core Mechanic** | d20 + Ability + Proficiency | d20 + Ability + Other Bonuses |\n| **Customization** | Class, Subclass, Feats (optional) | **Powers System (a new power every level)** |\n| **Magic System** | Spell Slots (Vancian) | **Mana Points (MP)** |\n| **Power Level** | Gradual, ""bounded"" power curve | Steep, explosive power curve |\n| **Feel of Combat** | Tactical, resource management | Fast, high-damage, over-the-top |\n| **Setting** | Setting-agnostic (default is Forgotten Realms) | Deeply tied to the world of Arton |\n| **Complexity** | Low to Medium (streamlined rules) | Medium to High (in character creation) |\n\n---\n\n### **Conclusion: Which One is Right for You?**\n\n**Play D&D 5e if:**\n*   You are new to tabletop RPGs.\n*   You want a game with a massive amount of official content, streaming shows, and online resources.\n*   You prefer a more grounded (but still heroic) fantasy experience.\n*   You value streamlined rules and quick character creation over deep, granular customization.\n\n**Play Tormenta20 if:**\n*   You love theory-crafting and creating highly unique character builds.\n*   You want to feel incredibly powerful from the early levels.\n*   You enjoy the aesthetics and power fantasy of JRPGs and anime.\n*   You are a D&D 5e veteran looking for a system with more mechanical depth, player choice, and a different flavor of fantasy.', 'image': None, 'mimeType': None}],
       dtype=object)}                                                                                                                                                                                                                                                                                                                                                                                                                                                                                                                                                                                                                                                                                                                                                                                                                                                                                                                                                                                                                                                                                                                                                                                                                                                                                                                                                                                                                                                                                                                                                                                                                                                                                                                                                                                                                                                                                                                                                                                                                                                                                                                                                                                                                                                                                                                                                                                                                                                                                                                                                                                                                                                                                                                                                                                                                                                                                                                                                                                                                                                                                                                                                                                                                                                                                                                                                                                                                                                                                                                                                                                                                                                                                                                                                                                                                                                                                                                                                                                                                                                                                                                                                                                                                                                                                                                                                                                                                                                                                                                                                                                                                                                                                                                                                                                                                                                                                                                                                                                                                                                                                                                                                                                                                                                                                                                                                                                                                                                                                                                                                                                                                                                                                                                                                                                                                                                                                                                                                                                                                                                                                                                                                                                                                                                                                                                                                                                                                                                                                                                                                                                                                                                                                                                                                                                                                                                                                                                                                                                                                                                                                                                                                                                                                                                                                                                                                                                                                                                                                                                                                                                                                                                                                                                                                                                                                                                                                                                                                                                                                                              ]","[{'role': 'user', 'content': array([{'type': 'text', 'text': 'Compare Tormenta20 with DnD5e', 'image': None, 'mimeType': None}],
       dtype=object), 'num_tokens': 11}
 {'role': 'assistant', 'content': array([{'type': 'text', 'text': '# Tormenta20 vs D&D 5e\n\n**Origins & Popularity**\nTormenta20 is a Brazilian RPG published in 2020 by Jambô Editora, extremely popular in Brazil but less known internationally. D&D 5e, released in 2014 by Wizards of the Coast, dominates the global TTRPG market.\n\n**Core Mechanics**\nBoth use d20-based systems, but Tormenta20 has more built-in tactical options and generally higher numbers/bonuses. D&D 5e uses bounded accuracy (limiting numerical growth) and its advantage/disadvantage system simplifies many modifiers.\n\n**Character Options**\nTormenta20 offers unique races like the insectoid Golem, reptilian Medusa, and Lefeu (demonic beings). Its classes often have more built-in customization paths than 5e\'s subclasses.\n\n**Setting**\nTormenta20 is tied to the rich world of Arton with its unique mythology including the corruption-bringing ""Tormenta"" (the Red Storm). D&D 5e is setting-agnostic by default, though often associated with the Forgotten Realms.\n\n**Complexity**\nTormenta20 generally has more granular rules and higher mechanical complexity than 5e, which prioritized accessibility and streamlined gameplay.', 'image': None, 'mimeType': None}],
       dtype=object), 'num_tokens': 264}                                                                                                                                                                                                                                                                                                                                                                                                                                                                                                                                                                                                                                                                                                                                                                                                                                                                                                                                                                                                                                                                                                                                                                                                                                                ]","[{'user': {'role': 'user', 'content': array([{'type': 'text', 'text': 'Compare Tormenta20 with DnD5e', 'image': None, 'mimeType': None}],
       dtype=object)}, 'model_side_a': {'role': 'assistant', 'content': array([{'type': 'text', 'text': 'Excellent question! Comparing **Tormenta20 (T20)** and **Dungeons & Dragons 5th Edition (D&D 5e)** is a fantastic way to understand different approaches to the d20 system. While they share a common ancestor (D&D 3rd Edition), they have evolved in vastly different directions.\n\nHere is a detailed comparison, broken down by key aspects of the games.\n\n---\n\n### **High-Level Philosophy**\n\n*   **D&D 5e:** Aims for **accessibility, streamlined play, and heroic fantasy**. It simplifies many of the complex rules of older editions to be welcoming to new players. Its design philosophy is ""rulings, not rules,"" encouraging Dungeon Masters to make calls on the fly. It is built to be setting-agnostic, though the Forgotten Realms is its default.\n*   **Tormenta20:** Aims for **deep character customization, high-power fantasy, and an ""anime/JRPG"" feel**. It offers players a vast menu of options to build a unique character from level 1. The power level escalates quickly, and characters often feel like epic heroes from a shonen anime or a Final Fantasy game. It is deeply tied to its unique setting, Arton.\n\n---\n\n### **Core Mechanic: The d20 Roll**\n\n*   **D&D 5e:** The core is **d20 + Ability Modifier + Proficiency Bonus** vs. a Difficulty Class (DC) or Armor Class (AC).\n    *   **Bounded Accuracy:** A key design principle. Bonuses don\'t get astronomically high, which keeps lower-level monsters a potential threat for longer and makes the math simpler.\n    *   **Advantage/Disadvantage:** The primary way to handle situational modifiers. Instead of adding a +2 or -2, you roll two d20s and take the higher (Advantage) or lower (Disadvantage) result.\n*   **Tormenta20:** The core is **d20 + Ability Modifier + Other Bonuses** vs. a Difficulty (DT in Portuguese).\n    *   **No Proficiency Bonus:** This is a massive difference. Your core bonus comes from your ability scores and training in a skill (which gives a flat bonus). Most of your power comes from the **Powers System**.\n    *   **Situational Modifiers:** T20 uses traditional numerical bonuses and penalties (+2, -5, etc.) much more frequently than 5e.\n\n---\n\n### **Character Creation & Progression**\n\nThis is the single biggest point of divergence.\n\n*   **D&D 5e:**\n    *   **Structure:** Race + Class + Background.\n    *   **Customization:** Your main choices are your class, your subclass (usually chosen at levels 1, 2, or 3), and your spell selection.\n    *   **Progression:** You gain class features at set levels. At specific intervals (levels 4, 8, 12, etc.), you get an Ability Score Improvement (ASI) or can choose an optional **Feat**. Many players feel some levels are ""dead levels"" where you only gain hit points.\n*   **Tormenta20:**\n    *   **Structure:** Race + Class.\n    *   **The Powers System (Poderes):** This is the heart of Tormenta20. **At every single level, you choose a Power.** These can be general powers, powers from your class, or powers from your race. This creates an ""à la carte"" or ""build-your-own"" character system.\n    *   **Progression:** You are constantly making meaningful choices. There are no ""dead levels."" Two Fighters of the same level can play completely differently based on their Power choices. This allows for incredible build diversity and theory-crafting, similar to games like *Pathfinder*.\n\n---\n\n### **Magic System**\n\nAnother huge difference that defines the feel of each game.\n\n*   **D&D 5e:**\n    *   **Vancian Magic (Spell Slots):** Casters have a specific number of spell slots per spell level, which they regain after a long rest. You can cast a 1st-level spell using a 1st-level slot, a 2nd-level spell using a 2nd-level slot, and so on. It\'s a resource management system based on preparing for the adventuring day.\n*   **Tormenta20:**\n    *   **Mana Points (MP):** This system is straight out of JRPGs. Every caster has a pool of Mana Points (called *Mana*). Every spell has an MP cost. You can cast any spell you know as long as you have the MP to pay for it.\n    *   **Enhancements:** Most spells have optional enhancements. You can spend more MP when casting a spell to make it more powerful (e.g., increase its area, damage, or duration). This gives casters incredible flexibility on the fly.\n\n---\n\n### **Combat and Power Level**\n\n*   **D&D 5e:**\n    *   **Pacing:** Combat is tactical and attrition-based. Managing resources (HP, spell slots, limited-use abilities) is key.\n    *   **Power Curve:** The power curve is relatively gradual. A 1st-level character is fragile, while a 20th-level character is a world-shaking force, but the journey is long.\n    *   **Defense:** Primarily based on **Armor Class (AC)**.\n*   **Tormenta20:**\n    *   **Pacing:** Combat is faster, more explosive, and more ""spiky."" Characters can unleash incredible amounts of damage or powerful effects from early levels. It feels more like an action movie.\n    *   **Power Curve:** The power curve is extremely steep. A 1st-level T20 character often feels as competent as a 3rd-level 5e character. The numbers (HP, damage, bonuses) get much bigger, much faster.\n    *   **Defense:** Based on a single stat, **Defense (Defesa)**, but it\'s calculated differently, incorporating armor, shields, and your Dexterity modifier. Saving throws are also different: **Fortitude, Reflexes, and Will (Vontade)**, which are more prominent than in 5e.\n\n---\n\n### **Setting Integration**\n\n*   **D&D 5e:** Very loose integration. The rules are designed to be used in any fantasy setting with minimal changes. The default Forgotten Realms is rich, but you can ignore it completely without affecting the mechanics.\n*   **Tormenta20:** Extremely tight integration. The world of **Arton** is baked into the rules. The races (like the half-demon *Lefou*), the classes, the gods, and especially the cosmic threat of the **Tormenta** (a reality-devouring storm of red lightning and demons) are all reflected in the Powers and mechanics. Playing T20 without its setting is possible, but you lose a massive amount of its unique flavor.\n\n---\n\n### **Summary Table**\n\n| Feature | D&D 5th Edition | Tormenta20 |\n| :--- | :--- | :--- |\n| **Philosophy** | Accessible, Heroic Fantasy | High-Power, ""Anime/JRPG"" Feel |\n| **Core Mechanic** | d20 + Ability + Proficiency | d20 + Ability + Other Bonuses |\n| **Customization** | Class, Subclass, Feats (optional) | **Powers System (a new power every level)** |\n| **Magic System** | Spell Slots (Vancian) | **Mana Points (MP)** |\n| **Power Level** | Gradual, ""bounded"" power curve | Steep, explosive power curve |\n| **Feel of Combat** | Tactical, resource management | Fast, high-damage, over-the-top |\n| **Setting** | Setting-agnostic (default is Forgotten Realms) | Deeply tied to the world of Arton |\n| **Complexity** | Low to Medium (streamlined rules) | Medium to High (in character creation) |\n\n---\n\n### **Conclusion: Which One is Right for You?**\n\n**Play D&D 5e if:**\n*   You are new to tabletop RPGs.\n*   You want a game with a massive amount of official content, streaming shows, and online resources.\n*   You prefer a more grounded (but still heroic) fantasy experience.\n*   You value streamlined rules and quick character creation over deep, granular customization.\n\n**Play Tormenta20 if:**\n*   You love theory-crafting and creating highly unique character builds.\n*   You want to feel incredibly powerful from the early levels.\n*   You enjoy the aesthetics and power fantasy of JRPGs and anime.\n*   You are a D&D 5e veteran looking for a system with more mechanical depth, player choice, and a different flavor of fantasy.', 'image': None, 'mimeType': None}],
       dtype=object)}, 'model_side_b': {'role': 'assistant', 'content': array([{'type': 'text', 'text': '# Tormenta20 vs D&D 5e\n\n**Origins & Popularity**\nTormenta20 is a Brazilian RPG published in 2020 by Jambô Editora, extremely popular in Brazil but less known internationally. D&D 5e, released in 2014 by Wizards of the Coast, dominates the global TTRPG market.\n\n**Core Mechanics**\nBoth use d20-based systems, but Tormenta20 has more built-in tactical options and generally higher numbers/bonuses. D&D 5e uses bounded accuracy (limiting numerical growth) and its advantage/disadvantage system simplifies many modifiers.\n\n**Character Options**\nTormenta20 offers unique races like the insectoid Golem, reptilian Medusa, and Lefeu (demonic beings). Its classes often have more built-in customization paths than 5e\'s subclasses.\n\n**Setting**\nTormenta20 is tied to the rich world of Arton with its unique mythology including the corruption-bringing ""Tormenta"" (the Red Storm). D&D 5e is setting-agnostic by default, though often associated with the Forgotten Realms.\n\n**Complexity**\nTormenta20 generally has more granular rules and higher mechanical complexity than 5e, which prioritized accessibility and streamlined gameplay.', 'image': None, 'mimeType': None}],
       dtype=object)}}                                                                                                                                                                                                                                                                                                                                                                                                                                                                                                                                                                                                                                                                                                                                                                                                                                                                                                                                                                                                                                                                                                                                                                                                                                                                                                                                                                                                                                                                                                                                                                                                                                                                                                                                                                                                                                                                                                                                                                                                                                                                                                                                                                                                                                                                                                                                                                                                                                                                                                                                                                                                                                                                                                                                                                                                                                                                                                                                                                                                                                                                                                                                                                                                                                                                                                                                                                                                                                                                                                                                                                                                                                                                                                                                                                                                                                                                                                                                                                                                                                                                                                                                                                                                                                                                                                                                                                                                                                                                                                                                                                                                                                                                                                                                                                                                                                                                                                                                                                                                                                                                                                                                                                                                                                                                                                                                                                                                                                                                                                                                                                                                                                                                                                                                                                                                                                                                                                                                                                                                                                                                                                                                                                                                                                                                                                                                                                                                                                                                                                                                                                                                                                                                                                                                                                                                                                                                                                                                                                                                                                                                                                                                                                                                                                                                                                                                                                                                                                                                                                                                                                                                                                                                                                                                                                                                                                                                                                                                                                                                                                                                                   ]","{'sum_assistant_a_tokens': 1854, 'header_count_a': {'h1': 0, 'h2': 0, 'h3': 8, 'h4': 0, 'h5': 0, 'h6': 0}, 'list_count_a': {'ordered': 0, 'unordered': 39}, 'bold_count_a': {'**': 65, '__': 0}, 'context_a_tokens': 11, 'sum_assistant_b_tokens': 264, 'header_count_b': {'h1': 1, 'h2': 0, 'h3': 0, 'h4': 0, 'h5': 0, 'h6': 0}, 'list_count_b': {'ordered': 0, 'unordered': 0}, 'bold_count_b': {'**': 5, '__': 0}, 'context_b_tokens': 11, 'sum_user_tokens': 11, 'turns': 1}","{'creative_writing_v0.1': {'creative_writing': False, 'score': 'no'}, 'criteria_v0.1': {'complexity': False, 'creativity': False, 'domain_knowledge': True, 'problem_solving': True, 'real_world': False, 'specificity': False, 'technical_accuracy': True}, 'if_v0.1': {'if': False, 'score': 1}, 'math_v0.1': {'math': False}}",en,False,2025-05-29 14:48:41.602925
7c44a466-fd07-4992-9764-176b75746a07,claude-3-5-haiku-20241022,claude-3-5-sonnet-20241022,tie,73e84b7b-d158-4d2d-9a7f-56286ec14564,1,"[{'role': 'user', 'content': array([{'type': 'text', 'text': 'jak w prompcie określić precyzyjnie parametry obrazu do druku, np.wielkość obrazu, powiedzmy 216 x 154 mm, rozdzielczość powiedzmy 300 dpi, charakterystyka oświetlenia np. model D65, przestrzeń kolorów np. sRGB, czy jakikolwiek inny parametr, może np. alpha channel? proszę o rozwiązania dla różnych motorów graficznych', 'image': None, 'mimeType': None}],
       dtype=object)}
 {'role': 'assistant', 'content': array([{'type': 'text', 'text': 'Oto kompleksowe podejście do definiowania parametrów obrazu w promptach dla różnych silników graficznych:\n\n### Ogólne wytyczne\n\n1. **Standardowe parametry techniczne**:\n- Rozmiar: 216 x 154 mm\n- Rozdzielczość: 300 dpi\n- Przestrzeń kolorów: sRGB\n- Model oświetlenia: D65\n- Głębia bitowa: 8-bit\n- Tryb: RGB\n\n### Specyficzne rozwiązania dla różnych narzędzi\n\n#### 1. DALL-E\n```\nWygeneruj obraz o następujących parametrach technicznych:\n- Rozmiar fizyczny: 216 x 154 mm\n- Rozdzielczość: 300 dpi (2551 x 1827 pikseli)\n- Przestrzeń kolorów: sRGB\n- Oświetlenie: neutralne (D65)\n- Bez kanału alpha\n```\n\n#### 2. Midjourney\n```\n/imagine prompt: high-quality print image, 216x154mm, 300 dpi, sRGB color space, D65 lighting, technical print specification\n```\n\n#### 3. Stable Diffusion\n```python\nimage_params = {\n    ""width"": 2551,      # piksele odpowiadające 216mm przy 300 dpi\n    ""height"": 1827,     # piksele odpowiadające 154mm przy 300 dpi\n    ""color_space"": ""sRGB"",\n    ""color_depth"": 8,\n    ""dpi"": 300,\n    ""lighting_model"": ""D65""\n}\n```\n\n### Dodatkowe wskazówki\n\n- Przeliczanie rozmiaru: mm * (dpi / 25.4)\n- 216 mm * (300 / 25.4) = 2551 pikseli\n- 154 mm * (300 / 25.4) = 1827 pikseli\n\n### Uwagi specjalne\n\n- Kanał alpha: większość silników graficznych AI domyślnie go nie obsługuje\n- Dla profesjonalnego druku zaleca się eksport do formatu TIFF lub PNG\n- Weryfikacja parametrów w oprogramowaniu graficznym\n\n### Przykładowe narzędzia do weryfikacji\n\n- Adobe Photoshop\n- GIMP\n- Affinity Photo\n- Capture One\n\nPamiętaj, że dokładność zależy od konkretnego silnika graficznego i jego możliwości interpretacji parametrów technicznych.', 'image': None, 'mimeType': None}],
       dtype=object)}                                                                                                                                                                                                                                                                                                                                                                                                                                                                                                                                                                                                                                                                                                                                                                                                                                                                                                                                                                                                                                                                                                                                                                                                                                                                                                                                                                                                                                                                                                                                                                                                                                                                                                                                                                                                                                       ]","[{'role': 'user', 'content': array([{'type': 'text', 'text': 'jak w prompcie określić precyzyjnie parametry obrazu do druku, np.wielkość obrazu, powiedzmy 216 x 154 mm, rozdzielczość powiedzmy 300 dpi, charakterystyka oświetlenia np. model D65, przestrzeń kolorów np. sRGB, czy jakikolwiek inny parametr, może np. alpha channel? proszę o rozwiązania dla różnych motorów graficznych', 'image': None, 'mimeType': None}],
       dtype=object), 'num_tokens': 116}
 {'role': 'assistant', 'content': array([{'type': 'text', 'text': 'Oto przykłady promptów dla różnych silników AI do generowania obrazów z precyzyjnymi parametrami technicznymi:\n\nDla Midjourney:\n```\n/imagine prompt: [obraz] --ar 216:154 --q 2 --s 15000 --no alpha\n```\n(Midjourney ma ograniczone możliwości definiowania parametrów technicznych, skupia się głównie na proporcjach i jakości)\n\nDla Stable Diffusion:\n```\n{\n""prompt"": ""[opis obrazu]"",\n""negative_prompt"": """",\n""width"": 2551,  // dla 216mm przy 300dpi\n""height"": 1819,  // dla 154mm przy 300dpi\n""samples"": 1,\n""num_inference_steps"": 50,\n""color_space"": ""sRGB"",\n""icc_profile"": ""D65"",\n""dpi"": 300,\n""alpha_channel"": false\n}\n```\n\nDla DALL-E:\n```\n{\n""prompt"": ""[opis obrazu]"",\n""size"": ""2551x1819"",\n""quality"": ""hd"",\n""style"": ""natural"",\n""color_profile"": ""sRGB"",\n""lighting"": ""D65"",\n""dpi"": 300\n}\n```\n\nKilka ważnych uwag:\n- Nie wszystkie silniki obsługują wszystkie parametry techniczne\n- Wymiary w pikselach należy przeliczyć: mm × (dpi/25.4)\n- Warto określić format wyjściowy (np. PNG dla zachowania alpha channel)\n- Niektóre parametry mogą wymagać dodatkowej post-produkcji\n\nCzy interesuje Cię któryś konkretny silnik? Mogę podać więcej szczegółów dla wybranej technologii.', 'image': None, 'mimeType': None}],
       dtype=object), 'num_tokens': 407}                                                                                                                                                                                                                                                                                                                                                                                                                                                                                                                                                                                                                                                                                                                                                                                                                                                                                                                                                                                                                                                                                                                                                                                                                                                                                                          ]","[{'user': {'role': 'user', 'content': array([{'type': 'text', 'text': 'jak w prompcie określić precyzyjnie parametry obrazu do druku, np.wielkość obrazu, powiedzmy 216 x 154 mm, rozdzielczość powiedzmy 300 dpi, charakterystyka oświetlenia np. model D65, przestrzeń kolorów np. sRGB, czy jakikolwiek inny parametr, może np. alpha channel? proszę o rozwiązania dla różnych motorów graficznych', 'image': None, 'mimeType': None}],
       dtype=object)}, 'model_side_a': {'role': 'assistant', 'content': array([{'type': 'text', 'text': 'Oto kompleksowe podejście do definiowania parametrów obrazu w promptach dla różnych silników graficznych:\n\n### Ogólne wytyczne\n\n1. **Standardowe parametry techniczne**:\n- Rozmiar: 216 x 154 mm\n- Rozdzielczość: 300 dpi\n- Przestrzeń kolorów: sRGB\n- Model oświetlenia: D65\n- Głębia bitowa: 8-bit\n- Tryb: RGB\n\n### Specyficzne rozwiązania dla różnych narzędzi\n\n#### 1. DALL-E\n```\nWygeneruj obraz o następujących parametrach technicznych:\n- Rozmiar fizyczny: 216 x 154 mm\n- Rozdzielczość: 300 dpi (2551 x 1827 pikseli)\n- Przestrzeń kolorów: sRGB\n- Oświetlenie: neutralne (D65)\n- Bez kanału alpha\n```\n\n#### 2. Midjourney\n```\n/imagine prompt: high-quality print image, 216x154mm, 300 dpi, sRGB color space, D65 lighting, technical print specification\n```\n\n#### 3. Stable Diffusion\n```python\nimage_params = {\n    ""width"": 2551,      # piksele odpowiadające 216mm przy 300 dpi\n    ""height"": 1827,     # piksele odpowiadające 154mm przy 300 dpi\n    ""color_space"": ""sRGB"",\n    ""color_depth"": 8,\n    ""dpi"": 300,\n    ""lighting_model"": ""D65""\n}\n```\n\n### Dodatkowe wskazówki\n\n- Przeliczanie rozmiaru: mm * (dpi / 25.4)\n- 216 mm * (300 / 25.4) = 2551 pikseli\n- 154 mm * (300 / 25.4) = 1827 pikseli\n\n### Uwagi specjalne\n\n- Kanał alpha: większość silników graficznych AI domyślnie go nie obsługuje\n- Dla profesjonalnego druku zaleca się eksport do formatu TIFF lub PNG\n- Weryfikacja parametrów w oprogramowaniu graficznym\n\n### Przykładowe narzędzia do weryfikacji\n\n- Adobe Photoshop\n- GIMP\n- Affinity Photo\n- Capture One\n\nPamiętaj, że dokładność zależy od konkretnego silnika graficznego i jego możliwości interpretacji parametrów technicznych.', 'image': None, 'mimeType': None}],
       dtype=object)}, 'model_side_b': {'role': 'assistant', 'content': array([{'type': 'text', 'text': 'Oto przykłady promptów dla różnych silników AI do generowania obrazów z precyzyjnymi parametrami technicznymi:\n\nDla Midjourney:\n```\n/imagine prompt: [obraz] --ar 216:154 --q 2 --s 15000 --no alpha\n```\n(Midjourney ma ograniczone możliwości definiowania parametrów technicznych, skupia się głównie na proporcjach i jakości)\n\nDla Stable Diffusion:\n```\n{\n""prompt"": ""[opis obrazu]"",\n""negative_prompt"": """",\n""width"": 2551,  // dla 216mm przy 300dpi\n""height"": 1819,  // dla 154mm przy 300dpi\n""samples"": 1,\n""num_inference_steps"": 50,\n""color_space"": ""sRGB"",\n""icc_profile"": ""D65"",\n""dpi"": 300,\n""alpha_channel"": false\n}\n```\n\nDla DALL-E:\n```\n{\n""prompt"": ""[opis obrazu]"",\n""size"": ""2551x1819"",\n""quality"": ""hd"",\n""style"": ""natural"",\n""color_profile"": ""sRGB"",\n""lighting"": ""D65"",\n""dpi"": 300\n}\n```\n\nKilka ważnych uwag:\n- Nie wszystkie silniki obsługują wszystkie parametry techniczne\n- Wymiary w pikselach należy przeliczyć: mm × (dpi/25.4)\n- Warto określić format wyjściowy (np. PNG dla zachowania alpha channel)\n- Niektóre parametry mogą wymagać dodatkowej post-produkcji\n\nCzy interesuje Cię któryś konkretny silnik? Mogę podać więcej szczegółów dla wybranej technologii.', 'image': None, 'mimeType': None}],
       dtype=object)}}                                                                                                                                                                                                                                                                                                                                                                                                                                                                                                                                                                                                                                                                                                                                                                                                                                                                                                                                                                                                                                                                                                                                                                                                                                                                                                                                                                                                                                                                                                                                                                                                                                                                                                                                                                                                                                                                            ]","{'sum_assistant_a_tokens': 605, 'header_count_a': {'h1': 0, 'h2': 0, 'h3': 5, 'h4': 3, 'h5': 0, 'h6': 0}, 'list_count_a': {'ordered': 1, 'unordered': 16}, 'bold_count_a': {'**': 1, '__': 0}, 'context_a_tokens': 116, 'sum_assistant_b_tokens': 407, 'header_count_b': {'h1': 0, 'h2': 0, 'h3': 0, 'h4': 0, 'h5': 0, 'h6': 0}, 'list_count_b': {'ordered': 0, 'unordered': 4}, 'bold_count_b': {'**': 0, '__': 0}, 'context_b_tokens': 116, 'sum_user_tokens': 116, 'turns': 1}","{'creative_writing_v0.1': {'creative_writing': False, 'score': 'no'}, 'criteria_v0.1': {'complexity': True, 'creativity': True, 'domain_knowledge': True, 'problem_solving': True, 'real_world': True, 'specificity': True, 'technical_accuracy': True}, 'if_v0.1': {'if': True, 'score': 4}, 'math_v0.1': {'math': False}}",pl,True,2025-07-07 02:04:51.977824
